"Paper_ID","Authors_and_Year","Publication_Venue","Target_Population_and_Region","Sample_Size","Primary_Objective","Burnout_Mental_Health_Tool","Digital_Wellbeing_Passive_Indicators","Self_Reported_Survey_Indicators","ML_Algorithms_Evaluated","Best_Performing_Model_and_Metrics","XAI_Interpretability_Techniques","Personalized_Recommendations","Actionable_System_Features","Main_Strengths","Key_Limitations","Unaddressed_Research_Gaps"
"P001","Arne Bewersdorff, Marie Hornberger, Claudia Nerdel, Daniel S. Schiff (2024)","Computers and Education: Artificial Intelligence","Undergraduate and graduate university students | United States, United Kingdom, and Germany","1465","To investigate how cognitive (AI literacy), affective (AI interest, attitudes), and behavioral (use of AI) variables build AI self-efficacy among university students, and to identify distinct student profiles to guide tailored educational initiatives.","Not applicable (Focuses on psychological variables related to AI adoption: AI self-efficacy, AI literacy, Interest in AI, and General Attitudes Towards AI).","None (The study relies entirely on active, self-reported survey data).","AI self-efficacy (8-item scale), AI literacy (27 multiple-choice items + 1 sorting item), Interest in AI (5-item modified PISA scale), Positive and negative attitudes towards AI (8-item General Attitudes Towards AI scale), and Use of AI (2 items).","Gaussian Mixture Models (GMM) for unsupervised clustering (profiling students) and Path Analysis (Structural Equation Modeling - SEM) for modeling causal relationships.","A three-component ""VVE"" Gaussian Mixture Model was selected as the best fit based on Bayesian Information Criterion (BIC) and Akaike Information Criterion (AIC). For Path Analysis, the linear model showed excellent fit (e.g., CFI > 1.0, RMSEA = 0.000 for US/Total sample).","None / White-box statistical modeling (Path analysis and GMM natively provide interpretability through path coefficients and component means).","No algorithmic personalized recommendations. However, the study provides tailored educational recommendations for three identified student groups ('AI Advocates,' 'Cautious Critics,' and 'Pragmatic Observers').","Not applicable (The paper focuses on educational policy and curriculum design rather than an automated intervention system).","Large, cross-national sample (US, UK, Germany); robust combination of statistical methodologies (Path Analysis and GMM); practical identification of distinct student profiles for targeted education.","Cross-sectional design captures data at only a single point in time; sample relies on the Prolific platform which may not be fully representative of all demographics (e.g., socioeconomic status); limited exclusively to Western contexts.","Lack of research in non-Western contexts (including LMICs/Bangladesh); need for longitudinal studies to track the development of AI self-efficacy over time; no utilization of passive digital logging to measure actual AI usage; limited exploration of how socioeconomic status influences socio-cognitive relationships with AI."
"P002","Shuo Gong, Yunjing Li, Haijiang Li (2026)","Acta Psychologica","Junior and senior high school students (Adolescents) | China (Five cities: Ningbo, Xinji, Zhengzhou, Hengyang, and Jianli)","4870","To examine the multi-level ecological structure of academic burnout in adolescents by combining machine learning with network analysis, identifying key multi-ecological predictors and their structural interrelations.","Student Burnout Inventory (SBI) (adapted for Chinese adolescents, based on the Maslach Burnout Inventory–Student Survey). Depressive symptoms were measured using PHQ-9.","None used. (Digital stress measures such as social media online vigilance and smartphone withdrawal were captured entirely via self-report).","61 variables spanning individual, family, school, and digital domains. Key indicators include academic burnout, depressive symptoms (PHQ9), psychological resilience (PsyRes), subjective happiness, physical aggressive behavior, teacher-student relationships (TSRe), school belonging, academic pressure, parent-child alienation, and digital stress (social media online vigilance, smartphone withdrawal).","Logistic Regression, Naive Bayes, Support Vector Machine (SVM), Random Forest, AdaBoost, XGBoost, and LightGBM.","Support Vector Machine (SVM) with an RBF kernel achieved the best overall performance (AUC = 0.830, F1-Score = 0.750, Accuracy = 0.747).","Kernel SHAP (SHapley Additive exPlanations) was used to extract global feature importance and directional effects. RFECV (Recursive Feature Elimination with Cross-Validation) was used for feature selection, followed by Gaussian Graphical Model (GGM) network analysis to interpret the structural relationships between the selected features.","No algorithmic personalized recommendations are generated for users directly. The study offers population-level recommendations for school policy and resource allocation.","Not an actionable system. Recommends implementing a multi-tiered, school-based support framework (e.g., targeted counseling for co-occurring emotional/digital difficulties, digital literacy education, and boundary-setting guidance for those with high online vigilance).","Integration of predictive machine learning (SVM) with structural network analysis (GGM) to understand both risk factors and their interconnections; large and geographically diverse sample within China; consideration of multi-ecological factors including the digital domain.","Cross-sectional design prevents causal inferences; reliance on an abbreviated set of items for the burnout measure rather than the full scale; reliance solely on self-reported data subject to reporting bias.","Lack of multi-source and objective behavioral indicators, specifically the absence of passive digital logging to measure true digital behavior; absence of longitudinal studies to capture dynamic risk evolution; need for cross-cultural validation in other settings (e.g., other LMICs like Bangladesh, as the study focuses strictly on China)."
"P003","Seo-Jun Lee (2026)","International Journal of Psychology Research","Undergraduate university students | Busan, South Korea","412","To examine the relationship between emotional regulation strategies (e.g., cognitive reappraisal, expressive suppression, rumination) and academic burnout, and to assess the mediating role of psychological distress.","Maslach Burnout Inventory-Student Survey (MBI-SS) for burnout; Depression Anxiety Stress Scales (DASS-21) for psychological distress; Emotion Regulation Questionnaire (ERQ) and Cognitive Emotion Regulation Questionnaire (CERQ) for regulation strategies.","None used.","Emotional regulation strategies (cognitive reappraisal, expressive suppression, acceptance, problem-solving, rumination), academic burnout dimensions (emotional exhaustion, cynicism, academic efficacy), psychological distress (depression, anxiety, stress), and demographic factors (gender, age, year of study).","None (The study relies entirely on traditional inferential statistics, specifically hierarchical multiple regression and bootstrapped mediation analysis).","The final hierarchical regression model explained 35.9% of the total variance in academic burnout scores (ΔR² = 0.312 for emotion regulation strategies specifically).","None/Not Applicable (Uses traditional white-box statistical modeling, such as regression coefficients and mediation pathways).","No algorithmic personalized recommendations provided.","Not an actionable system. The paper recommends policy-level interventions such as campus-based emotional regulation training programs (focusing on cognitive reappraisal and problem-solving) and early screening at the start of each semester.","Expands beyond the classic reappraisal-suppression dichotomy by including multiple regulation strategies; uses mediation analysis to explain the mechanism via psychological distress; provides empirical evidence from a collectivist cultural context.","Cross-sectional design prevents causal interpretation; sample drawn from a single metropolitan university limits generalizability; exclusive reliance on self-report surveys introduces potential shared-method variance bias.","No integration of behavioral or physiological indicators (specifically lacking passive digital logging); absence of longitudinal or experience-sampling designs to track temporal ordering; lacks representation of other non-Western contexts such as LMICs (e.g., Bangladesh)."
"P004","Alireza Dehghan, Negin Ashrafi (2026)","arXiv (Preprint / Submitted Manuscript)","Medical and non-medical university students | Lausanne, Switzerland","886 (Primary cohort, 2022) validated against 2,580 longitudinal observations and 701 non-medical students.","To audit construct overlap in explainable machine learning (XML) pipelines applied to burnout-depression prediction, demonstrating that apparent cross-population stability in XAI risk hierarchies is largely a psychometric artefact rather than a learned generalisable risk structure.","Maslach Burnout Inventory–Student Survey (MBI-SS) for burnout; Center for Epidemiological Studies Depression Scale (CES-D) for depression; State-Trait Anxiety Inventory (STAI-T) for trait anxiety.","None used.","10 demographic and psychological predictors including trait anxiety (STAI-T), health satisfaction, age, academic year, psychotherapy history, partnership status, employment status, weekly study hours, mother tongue, and sex.","Ordinary Least Squares (OLS), Ridge, Lasso, ElasticNet, Support Vector Regression (SVR), and Artificial Neural Networks (ANN).","ElasticNet (L1+L2 regularisation) was selected as the primary model, achieving an R² of 0.414 and MAE of 9.26 on the primary test set.","SHAP (SHapley Additive exPlanations) via LinearExplainer. Crucially, the study introduces a novel ""residualization protocol"" to audit SHAP results for construct overlap (i.e., isolating shared variance between correlated variables via regression).","No algorithmic personalized recommendations are generated.","Not an actionable intervention system. The study strictly concludes that individual-level clinical prediction is currently not actionable using these feature sets due to high uncertainty (conformal prediction intervals averaged 35.4 units on a 100-point scale). It recommends researchers mandate orthogonality checks (residualization) before interpreting feature hierarchies.","Exposes a critical methodological flaw in XAI mental health research (construct overlap); introduces a robust, mathematically sound residualization protocol; leverages comprehensive multi-cohort validation (longitudinal and cross-faculty).","Data strictly from a single institution (University of Lausanne) limits cross-institutional generalisability; the composite outcome index (BDCI) lacks independent psychometric validation; does not incorporate potentially critical predictors like financial stress or sleep quality.","Complete absence of physiological data or ecological momentary assessment (passive digital logging); lack of prospective designs testing cross-institutional variations; no exploration of diverse demographics or non-Western/LMIC contexts (e.g., Bangladesh)."
"P005","Daniel Cristóbal Andrade-Girón, William Joel Marin-Rodriguez, Marcelo Gumercindo Zuñiga-Rojas, Abrahan Cesar Neri-Ayala, Edgar Tito Susanibar-Ramírez, Miguel Angel Aguilar-Luna-Victoria (2026)","AI (MDPI)","University students | Dharan, Nepal","1100","To develop, compare, and validate multiple ensemble machine learning models for multiclass prediction of student stress, utilizing a rigorous evaluation framework and explainable AI (XAI) analysis.","Public ""Student Stress Factors"" dataset (Kaggle), which aggregates responses to classify a target variable (stress_level) into three ordinal categories: low, medium, and high.","None used.","20 predictor variables across psychological, physiological, social, environmental, and academic domains (e.g., sleep quality, blood pressure, social support, self-esteem, depression, anxiety level, living conditions, headache, extracurricular activities, bullying, academic performance, basic needs, noise level).","Nine ensemble and boosting algorithms for tabular data: AdaBoost, Gradient Boosting, Random Forest, Extra Trees, Bagging, Voting, Stacking, XGBoost, and LightGBM.","Gradient Boosting achieved the highest average performance in nested cross-validation (Accuracy: 89.55%, F1-weighted: 89.54%, MCC: 0.845, ROC-AUC weighted: 98.59%). Independent holdout accuracy was 0.8818. (Note: XGBoost and LightGBM showed comparable, statistically equivalent performance).","SHAP (SHapley Additive exPlanations) for global beeswarm and local waterfall decomposition; LIME (Local Interpretable Model-agnostic Explanations) for localized probabilistic prediction analysis.","No algorithmic personalized recommendations.","Not an actionable system. The findings act as a guide for psychoeducational interventions (e.g., sleep hygiene programs, personalized tutoring, academic support), but the authors emphasize that the model requires prospective validation before integration into institutional early warning systems.","Highly rigorous machine learning pipeline utilizing nested cross-validation, probabilistic calibration, and nonparametric statistical testing (Friedman test); comprehensive multi-criteria comparison of ensemble families; robust integration of both global and local XAI tools (SHAP and LIME).","Cross-sectional, observational dataset limits causal inference; treatment of ordinal stress levels as nominal classes ignores proximity information between levels; relies entirely on a single public dataset from one university, limiting generalizability.","Although the study targets an LMIC (Nepal), it lacks external validation across other socio-cultural contexts (e.g., Bangladesh) to prove model transferability; relies exclusively on self-reported survey data without multimodal or objective physiological/behavioral sources (e.g., passive digital logging); lacks longitudinal monitoring to track the incidence of stress over time."
"P006","Saima Alam, Mohammad Arif Ul Alam (2026)","JMIR AI","Internal medicine resident physicians | United States (Massachusetts)","28 (primary clinical dataset); also evaluated on public datasets WESAD (n=15) and SWELL-KW (n=25).","To develop and validate EMBRACE, an explainable multitask deep learning framework that predicts and explains future burnout in resident physicians using wearable sensor data and automatic clinical survey completion.","Mini-Z Burnout Survey (a clinically validated 10-item tool assessing burnout, stress, and job satisfaction).","Continuous wearable physiological data (heart rate variability, skin conductance/EDA, skin temperature, and 3-axis accelerometry) collected via the Empatica E4 wristband. Workplace behavioral metrics such as sedentary activity duration, time spent on EMR (Electronic Medical Records), and interruption frequency.","Mini-Z survey responses (perceived stress, control over workload, EMR stress, job satisfaction) and self-reported sleep quality.","Adaptive Multitask Deep Learning (CNN + LSTM architecture) using Model-Agnostic Meta-Learning (MAML) for few-shot domain adaptation. Baselines included Bi-LSTM, Random Forest, Learning Vector Quantization, Gaussian Mixture Models, and Decision Trees.","EMBRACE (Adaptive Multitask Deep Learning) outperformed baselines. On the primary clinical dataset for burnout prediction, it achieved 94.7% Accuracy, 94.7% Precision, 94.7% Recall, and 95.1% F1-score.","SHAP (Shapley Additive Explanations). SHAP values were used to generate clinical visualizations, including feature importance plots and time-series summaries mapping daily activities to predicted stress levels.","Yes. The EMBRACE framework automatically sends an end-of-day email to the resident. This email includes a personalized visual breakdown of their daily workload, burnout predictions, and specific recommendations to mitigate future burnout risks based on their unique SHAP feature importance (e.g., reducing EMR time or managing interruptions).","Automated end-of-day email alerts, automated completion of the Mini-Z survey to save time, visual daily stress/activity summaries, and a web-based feedback loop for residents/clinicians to validate the model's predictions.","Highly innovative integration of passive physiological sensors with multitask deep learning to predict both burnout states and auto-complete clinical surveys; strong focus on clinical trustworthiness via SHAP-based email interventions; validated on both real-world clinical and public datasets.","Very small primary clinical sample size (n=28); short data collection window (2 to 7 days per participant); study conducted at a single US hospital, limiting broad generalizability.","Absence of long-term longitudinal studies to evaluate if the email-based interventions actually reduce burnout over months/years; lack of validation in diverse or resource-constrained global health systems (such as LMICs/Bangladesh); potential to include deeper social interaction metrics."
"P007","Willian Sierra Barón, Andrés Gómez Acosta, Laura Natalia Calceto Garavito, Hernán David Romero Reyes, Juan David Salazar Salamanca (2025)","Revista Informes Psicológicos","Undergraduate psychology university students | Colombia (Andean and Amazonian regions)","282","To determine the psychometric properties (validity and reliability) of the Maslach Burnout Inventory-Student Survey (MBI-SS) in university students from southern Colombia, an area characterized by rurality, socioeconomic precariousness, and armed conflict.","Maslach Burnout Inventory-Student Survey (MBI-SS). The Utrecht Work Engagement Scale-Student Version (UWES-S) was also utilized to assess concurrent and discriminant validity.","None used.","Sociodemographic questionnaire (gender, faculty, period of study, socioeconomic level, marital status), MBI-SS dimensions (exhaustion, cynicism, academic efficacy), and UWES-S dimensions (vigor, dedication, absorption).","None. The study strictly employs traditional psychometric validation methods, specifically exploratory factor analysis and confirmatory factor analysis via Structural Equation Modeling (SEM).","A 14-item structural equation model (excluding item 15) demonstrated the best fit, explaining 74.76% of the cumulative variance with adequate goodness-of-fit indicators (CFI > .90, RMSEA < .100) and high internal consistency (McDonald's ω = .83).","None / Not Applicable (Relies on traditional white-box psychometric statistics and structural equation modeling).","No algorithmic personalized recommendations are provided.","Not an actionable technological system. The study recommends using the validated MBI-SS tool to systematically monitor burnout, identify risk profiles in public institutions, and guide the implementation of curricular strategies, tutoring, and mental health services tailored to specific territorial/regional conditions.","Expands burnout research to a historically under-researched, vulnerable region in Latin America (southern Colombia); utilizes robust psychometric validation techniques including gender invariance testing; highlights the impact of socio-educational contexts on burnout.","Cross-sectional design; purposive/convenience sampling; restricted to undergraduate psychology students, which limits generalizability to other academic disciplines or populations.","Complete reliance on traditional self-reported surveys with no integration of objective, passive digital logging or behavioral markers; absence of predictive machine learning frameworks to anticipate burnout before it occurs; need for broader longitudinal studies in diverse LMIC contexts outside of Latin America (e.g., Bangladesh)."
"P008","Liang Zhe Chong, Lee Kien Foo, Sook-Ling Chua (2025)","Behavioral Sciences (MDPI)","Systematic review covering various student populations (Primary, Secondary/High School, and University students) | Global (Multiple countries reviewed)","38 studies included in the systematic review.","To systematically review recent literature (2019–2024) investigating the diverse factors contributing to burnout across different student populations and to summarize mitigation strategies.","The review found that the Maslach Burnout Inventory (MBI) was the most widely used tool (18 papers), followed by the School Burnout Inventory (SBI) (6 papers). Other tools included the Copenhagen Burnout Inventory, Burnout Assessment Tool, and Oldenburg Burnout Inventory.","None utilized directly (this is a literature review). However, the review identifies ""problematic internet use"" and ""excessive use of digital teaching technologies"" as key risk factors, which were uniformly measured via self-reports in the underlying studies rather than passive logging.","The review synthesizes predictors into three categories: Environmental Factors (school environment, impact of digital technologies, social/family support), Psychosocial Factors (psychosocial competencies like grit and emotional regulation, coping strategies), and Other Factors (academic performance, demographics, lifestyle choices like sleep and exercise).","None. The review notes that the field overwhelmingly relies on traditional statistical methods, primarily Structural Equation Modeling (SEM) (13 papers), Linear Regression (10 papers), Logistic Regression (5 papers), and Latent Profile Analysis (4 papers).","Not applicable (Systematic Review of statistical studies).","None / Not Applicable.","No algorithmic recommendations provided.","Not an actionable technological system. The review recommends policy-level interventions: fostering supportive school environments, teaching healthy internet habits to mitigate digital isolation, building psychosocial competencies (e.g., emotional regulation), and promoting adaptive coping strategies.","Provides a highly comprehensive global synthesis of risk and protective factors for student burnout across all educational levels; clearly categorizes variables into environmental, psychosocial, and demographic domains.","Limited to articles published between 2019 and 2024; the review's findings are constrained by the methodologies of the primary studies, the vast majority of which are cross-sectional rather than longitudinal.","The review starkly highlights a methodological gap across the field: the complete reliance on self-report questionnaires (like the MBI) rather than objective behavioral data such as passive digital logging. Furthermore, the absence of predictive Machine Learning (ML) models and explainable AI (XAI) frameworks in the reviewed literature points to a significant gap in creating proactive, technology-driven early warning systems for students."
"P009","M. Graça Pereira, Martim Santos, Renata Magalhães, Cláudia Rodrigues, Odete Araújo, Dalila Durães (2025)","Behavioral Sciences (MDPI)","Undergraduate and graduate psychology students | Northern Portugal","274","To analyze the relationship between psychological and lifestyle variables and academic burnout, and to identify distinct burnout risk profiles among psychology students using machine learning algorithms.","Maslach Burnout Inventory—Student Survey (MBI-SS).","None utilized.","Psychological well-being (QGBEP), psychological distress (DASS21), difficulties in emotional regulation (DERS), sleep quality (PSQI), physical activity (IPAQ), and dietary inflammatory index (DII) derived from a Food Frequency Questionnaire.","K-means clustering (for initial risk profiling), Random Forest, XGBoost, and Support Vector Machine (SVM) (for supervised classification of the profiles).","XGBoost achieved the best overall performance with 97.53% Accuracy, 94.73% F1-score, 90.00% Precision, and 99.99% Recall.","None / Black-box. (While K-means was used to establish descriptive cutoffs for profiles, no formal explainable AI techniques like SHAP or LIME were applied to interpret the supervised ML models).","No algorithmic personalized recommendations were generated.","Not an actionable technological system. The study advocates for a ""stepped-care approach"" at the institutional level, using the identified variable cutoffs for early screening and implementing psychoeducational programs targeting emotional regulation and healthy lifestyle habits (sleep, anti-inflammatory diet).","Extends beyond standard psychological variables by integrating detailed lifestyle factors (specifically the dietary inflammatory index); uses a combination of unsupervised (K-means) and supervised ML to establish data-driven risk profiles.","Cross-sectional design prevents causal conclusions (e.g., potential bidirectional relationship between emotional regulation and burnout); small sample size restricted solely to psychology students from a single Portuguese university limits generalizability.","Complete reliance on self-reported surveys without any objective physiological metrics or passive digital logging (e.g., objective sleep tracking or physical activity logging); lack of longitudinal validation; absence of XAI methods to transparently interpret the ML models; lack of validation in non-Western or LMIC settings (e.g., Bangladesh)."
"P010","Hanif Abdul Rahman, Madeline Kwicklis, Mohammad Ottom, Areekul Amornsriwatanakul, Khadizah H. Abdul-Mumin, Michael Rosenberg, Ivo D. Dinov (2023)","Bioengineering (MDPI)","University students | Southeast Asia (ASEAN countries: Brunei Darussalam, Indonesia, Malaysia, Philippines, Singapore, Thailand, and Vietnam)","15,366","To predict and classify negative mental well-being among university students using machine learning models based on self-reported health-risk behaviors and demographic indicators.","A multi-site online cross-sectional survey categorizing mental well-being into a binary outcome (positive or negative/poor) alongside non-communicable disease risk factors.","None used.","20 features including health-risk behaviors (number of sports activities per week, sedentary hours, hours of sleep, fruit/vegetable intake, salt intake, eating snacks/fast food, sugar beverages, alcohol consumption, smoking) and demographic/academic variables (body mass index [BMI], age, gender, grade point average [GPA], living arrangement).","Generalized Linear Model (Logistic Regression), k-Nearest Neighbor (kNN), Naïve Bayes, Neural Networks, Random Forest, Recursive Partitioning (RPART), Bagging, and Adaptive Boosting.","Random Forest achieved the highest overall performance with an Accuracy of 0.901, Kappa of 0.801, Sensitivity of 0.980, Specificity of 0.815, and AUC of 0.966.","Global Feature Importance (Variable importance was evaluated using Mean Decrease in Accuracy and Mean Decrease in Gini Index). No localized XAI tools like SHAP or LIME were used.","No algorithmic personalized recommendations were provided directly to students.","Not an actionable technological system. However, the study proposes policy-level system features: establishing a central data analytics hub for the ASEAN University Network (AUN), utilizing mHealth apps to rapidly collect the top 5 salient features (BMI, sports, GPA, sedentary hours, age) to shorten survey times, and creating a digital dashboard for active monitoring by university stakeholders.","Exceptionally large, multi-national sample size representing the Southeast Asian (ASEAN) region; robust comparison of multiple machine learning classifiers; successfully identifies a concise, practical set of easily measurable behavioral features to predict mental well-being.","Cross-sectional design prevents causal inferences; relies entirely on self-reported survey data, making it vulnerable to reporting bias; binary classification of mental well-being may oversimplify complex psychological states.","Total absence of objective, passive digital logging or continuous physiological data (the authors explicitly suggest future models incorporate biofeedback such as EEG, ECG, and heart rate); lack of individualized explainable AI (XAI) techniques to provide transparent local predictions; need for longitudinal data to track mental health trajectories."
"P011","Mohammad Rezaur Rahman, Sayma Sharmen, Morshed Alam (2026)","Cogent Education","Undergraduate private university students | Dhaka, Bangladesh","401","To investigate the influence of Self-Evaluation Traits (SET) and Career Decision-Making Difficulties (CDMD) on student burnout, and to examine the mediating role of Social Support (SS) utilizing the Conservation of Resources (COR) theory.","Maslach Burnout Inventory-Student Survey (MBI-SS) (used to measure emotional exhaustion, cynicism, and diminished accomplishment).","None used.","5-point Likert scale surveys measuring: Self-Evaluation Traits (12 items), Career Decision-Making Difficulties (8 items), Social Support (12 items), and Student Burnout (9 items). Demographic factors included gender, age, field of study, and year of study.","None. The study employed traditional statistical modeling, specifically Partial Least Squares Structural Equation Modeling (PLS-SEM) via Smart PLS-4 and IBM SPSS.","The PLS-SEM path model demonstrated adequate predictive relevance and fit, explaining 26.6% of the variance in Student Burnout (R² = 0.266).","None / Not Applicable. (Relies on traditional white-box PLS-SEM path coefficients and mediation analysis).","No algorithmic personalized recommendations were provided.","Not an actionable technological system. The study provides institutional policy recommendations, emphasizing the need for twofold interventions: (1) building organized social support networks (peer mentoring, faculty engagement) to mitigate situational career-decision stress, and (2) implementing self-efficacy training to maintain internal resilience.","Successfully addresses a major geographical gap by focusing on an LMIC context (private university students in Bangladesh); clarifies the distinct roles of internal resources (SET) versus external situational factors (CDMD) in predicting burnout; employs robust PLS-SEM methodology including common method bias and collinearity checks.","Cross-sectional design prevents causal conclusions; convenience sampling restricted to a single city (Dhaka) limits broader national or international generalizability.","Complete reliance on self-report questionnaires with no integration of objective behavioral markers or passive digital logging; absence of predictive Machine Learning (ML) models and explainable AI (XAI) frameworks; lacks longitudinal tracking to validate the suggested interventions over time."
"P012","Yanling Lan, Sihang Liu, Hao Chen (2026)","Frontiers in Computer Science","College students | Fujian Province, China","412","To examine the psychological pathways linking AI affordances (perceived usefulness, inert thinking, perceived enjoyment) to learning burnout, utilizing a serial mediation model based on the I-PACE framework (AI dependence -> AI addiction).","Learning Burnout (LB) scale (adapted from Schaufeli et al., 2002; essentially derived from the Maslach Burnout Inventory-Student Survey).","None used.","Likert-scale surveys assessing: Perceived Usefulness of AI, Inert Thinking, Perceived Enjoyment, AI Dependence, AI Addiction, and Learning Burnout. Demographic factors included gender, academic qualification, and major.","None. The study relied entirely on traditional statistical modeling, specifically Partial Least Squares Structural Equation Modeling (PLS-SEM) executed via SmartPLS and SPSS.","The PLS-SEM path model successfully validated the serial mediation hypotheses (e.g., perceived usefulness → AI dependence → AI addiction → learning burnout). Model adequacy was verified with SRMR (0.082) and NFI (0.807).","None / Not Applicable. (Interpretability relies on standard white-box structural equation path coefficients and mediation analysis).","No algorithmic personalized recommendations were provided.","Not a technological intervention system. The study recommends institutional and curricular interventions, including: developing ""AI conscious learning modules"" to train metacognitive regulation, fostering ""Creative Engagement"" teaching methods to counter inert thinking, and establishing an ""AI Behavior Supervision and Healthy Use System"" to track student learning data and provide behavioral feedback.","Innovatively applies the established I-PACE (Interaction of Person-Affect-Cognition-Execution) addiction framework to the modern context of generative AI; clearly defines the mechanistic progression from instrumental AI reliance to pathological AI addiction and subsequent burnout.","Cross-sectional design prevents definitive causal inference of the sequential pathways; the sample is limited to a single province in China (Fujian), constraining generalizability; reliance on a unidirectional structural model ignores potential cyclical feedback loops between burnout and addiction.","Complete absence of objective behavioral data, such as passive digital logging of actual AI tool usage (e.g., screen time, prompt frequency); lack of longitudinal studies to track the temporal evolution of AI addiction; absence of predictive Machine Learning models or XAI frameworks; lack of cross-cultural validation, particularly in other LMICs like Bangladesh."
"P013","Wasit Wongtrakul, Yodying Dangprapai, Nattha Saisavoey, Naratip Sa-nguanpanich (2023)","Frontiers in Psychology","Preclinical medical students | Bangkok, Thailand","426","To culturally adapt, translate, and validate the Maslach Burnout Inventory-Student Survey (MBI-SS) for use in a Thai context among preclinical medical students.","Maslach Burnout Inventory-Student Survey (MBI-SS) (16 items assessing emotional exhaustion, cynicism, and academic efficacy).","None used.","The translated 16-item Thai MBI-SS scale and basic demographic data (class year, gender, age, hometown region).","None. The study relied exclusively on traditional psychometric and statistical methods, specifically Exploratory Factor Analysis (EFA), Confirmatory Factor Analysis (CFA), and McDonald's omega coefficients.","The 3-factor Confirmatory Factor Analysis (CFA) model demonstrated acceptable goodness-of-fit indices: RMSEA = 0.062, SRMR = 0.055, CFI = 0.964, and TLI = 0.957.","None / Not Applicable. (Interpretability relies on standard white-box factor loadings).","No algorithmic personalized recommendations were provided.","Not an actionable technological system. The study's outcome is the validated questionnaire itself, which the authors recommend using for early identification of burnout to facilitate campus-based health promotion programs (e.g., mindfulness, physical activity, and self-compassion training).","Successfully adapts and validates the gold-standard burnout assessment tool (MBI-SS) for a highly stressed, under-researched demographic in Thailand; utilizes rigorous statistical validation (EFA, CFA, and test-retest reliability).","The study was limited to preclinical medical students from a single university in Thailand, limiting generalizability to clinical students, other academic disciplines, or other institutions; low test-retest response rate (43.9%); lack of external validation.","Complete absence of objective behavioral data, such as passive digital logging or physiological sensor data, relying entirely on self-reports; lack of predictive Machine Learning (ML) models to forecast burnout; absence of Explainable AI (XAI) frameworks for intervention design; while it addresses Thailand, it lacks cross-cultural comparisons with other LMIC regions (e.g., Bangladesh)."
"P014","Yuanyuan Chen, Mengyun Wang, Shujuan Yuan, Yan Zhao (2025)","Frontiers in Psychology","College students | China (Multiple cities: Shanghai, Guangzhou, Xi'an, Haikou, Hefei)","Multiple studies: Study 1 (N=547), Study 2 (N=687), Study 3 (N=1081 for status survey, N=892 for correlation).","To develop and psychometrically validate a new instrument, the Conversational AI Dependence Scale (CAIDS), and to explore its relationship with psychological adaptation, stress, and subjective wellbeing among Chinese college students.","The newly developed CAIDS (20-item scale). It was validated alongside the Depression-Anxiety-Stress Scale (DASS-21), Athens Insomnia Scale, and Subjective Wellbeing scales.","None used.","CAIDS dimensions (uncontrollability, withdrawal symptoms, mood modification, negative impact), sleep problems, functional difficulties (friendship, family, academic), depression, anxiety, stress (DASS-21), subjective wellbeing, social media addiction, loneliness, and insecure attachment. Demographic variables included gender, age, grade, income, and region.","None. The study relied on traditional psychometric and statistical methods, specifically Exploratory Factor Analysis (EFA), Confirmatory Factor Analysis (CFA) using Mplus, ANOVA, and regression analyses using SPSS.","The 4-factor CFA model for the CAIDS demonstrated good construct validity and fit indices (RMSEA = 0.07, SRMR = 0.06, CFI = 0.92, TLI = 0.91).","None / Not Applicable. (Interpretability relies on standard psychometric factor loadings and regression coefficients).","No algorithmic personalized recommendations were provided.","Not an actionable technological system. The study recommends institutional and curricular interventions, proposing that universities offer courses titled ""Digital Well-being and Emotional Regulation"" that integrate mindfulness training to manage AI use, and establish a comprehensive ""Human-centered AI Literacy"" training system.","Addresses a highly contemporary issue by developing a specific psychometric tool (CAIDS) for Conversational AI dependency, explicitly distinguishing it from general problematic internet use; utilizes a robust mixed-methods approach combining qualitative interviews with multi-stage quantitative validation.","The cross-sectional design restricts the ability to draw causal inferences between AI dependence and negative psychological outcomes; the sample consists exclusively of Chinese college students, limiting broad cross-cultural generalizability.","Complete absence of objective behavioral data, such as passive digital logging of actual AI tool usage (e.g., chat logs, screen time, prompt frequency) to corroborate self-reports; absence of predictive Machine Learning models or Explainable AI frameworks; lack of validation in non-Chinese contexts, specifically other LMICs like Bangladesh."
"P015","Reda Ebrahim Mohamed Elashram, Liyla Marzouk Alamri (2026)","Frontiers in Psychology","Graduate students (Master's and Ph.D.) in special education departments | Saudi Arabia (6 public universities)","367","To investigate the relationships between AI application usage patterns, academic resilience, and burnout among graduate special education students, and to determine the predictive capacity of AI use and resilience on burnout.","Maslach Burnout Inventory-Student Survey (MBI-SS) (Abbreviated 10-item version adapted for the Saudi context). The Brief Resilience Scale (BRS) was also used.","None used.","AI application usage patterns (a newly developed 20-item scale covering Cognitive/Technical Proficiency, Academic Application in Research/Writing, and Specialization/Adaptation), Academic Resilience (BRS), and Burnout (MBI-SS). Demographic factors included gender, academic level, and specialization track.","None. The study relied exclusively on traditional statistical methods, specifically standard multiple regression, simple linear regression, and Pearson correlations using SPSS.","A standard multiple regression model demonstrated that AI application usage patterns explained 34.1% of the variance in burnout (R² = 0.341), while academic resilience explained 19.1% (R² = 0.191).","None / Not Applicable. (Interpretability relies on standard white-box regression coefficients).","No algorithmic personalized recommendations were generated.","Not an actionable technological system. The study provides institutional policy recommendations, suggesting that universities implement structured AI training programs, institutional resilience interventions, and clear policies to regulate AI use to preserve academic integrity while optimizing research workloads.","Focuses on a highly specific and under-researched demographic (graduate special education students instead of the usual undergraduate medical students); challenges the assumption that AI use strictly exacerbates burnout, demonstrating it can act as a protective ""resource"" within the Job Demands-Resources (JD-R) model; develops a culturally tailored scale for AI usage.","Cross-sectional, correlational design restricts the ability to infer direct causality; convenience sampling limits broad generalizability; reliance on self-report instruments exposes findings to socially desirable response biases.","Complete absence of objective behavioral data, such as passive digital logging of actual AI usage to corroborate self-reports; absence of predictive Machine Learning models or Explainable AI frameworks; lack of longitudinal studies; while addressing the Saudi context, it lacks comparisons with lower-middle-income countries (LMICs) such as Bangladesh."
"P016","Jie Zhan, Jiagen Xiang, Yiming Zhang, Xingang Zhao, Ke Zhang, Haining Ou, Lechang Zhan, Aiyun He (2026)","Frontiers in Psychology","Undergraduate students at a Traditional Chinese Medicine (TCM) university | Guangzhou, China","666","To determine the prevalence and identify the multi-dimensional determinants of academic burnout among undergraduates navigating the unique ""dual-curriculum"" (traditional and modern medicine) at a TCM university.","Maslach Burnout Inventory-Student Survey (MBI-SS) (Chinese version). The revised Perceived School Climate Scale (PSCS) was also utilized.","None used.","Demographic factors (age, gender, ethnicity, religious affiliation, pre-university residence), health-related behaviors (diet regularity, daily routine regularity, smoking, alcohol, mental disorder history), academic characteristics (class ranking, grade, major, leadership experience), family background (income, parental education), and perceived school climate (teacher support, student support, autonomy).","None. The study relied exclusively on traditional statistical methods, including Chi-square tests, Spearman's correlation, and multivariable Binary Logistic Regression via SPSSAU.","The binary logistic regression model identified five significant independent predictors of academic burnout: religious affiliation (aOR = 5.56), pre-university rural residence (protective, aOR = 0.60), irregular daily routine (aOR = 2.03), lower academic ranking (aOR = 3.87), and perceived teacher support (protective, aOR = 0.78).","None / Not Applicable. (Interpretability relies on standard adjusted odds ratios from the regression model).","No algorithmic personalized recommendations were generated.","Not an actionable technological system. The study proposes four institutional, non-technical strategies: (1) faculty training for supportive mentorship; (2) integrating mandatory time management and sleep hygiene courses; (3) targeted counseling for lower-ranked students and religious minorities; and (4) establishing cross-year peer mentoring initiatives.","Focuses on a highly specific, under-researched population dealing with unique cognitive overload (TCM's dual-curriculum challenge); utilizes a comprehensive multi-tiered ecological framework (combining individual, behavioral, and environmental/school climate factors).","The cross-sectional design precludes causal inference (e.g., does low teacher support cause burnout, or does burnout skew perception of support?); convenience sampling from a single university limits generalizability; heavy reliance on self-reported data which is susceptible to social desirability bias.","Complete absence of objective behavioral data, such as passive digital logging (e.g., using wearables to track sleep or routine regularity objectively instead of via self-report); lack of predictive Machine Learning (ML) models or Explainable AI (XAI) frameworks; absence of cross-cultural validation in other LMICs (e.g., Bangladesh) or other Complementary and Alternative Medicine (CAM) programs globally."
"P017","Guang-Hui Yang, Xiao-Xuan Cao, Yan-Yan Fu, Ning-Dan Wang, Shuai-Lei Lian (2024)","Frontiers in Psychiatry","College students | Jingzhou, China","752","To explore the relationship between mobile phone addiction and academic burnout among college students, specifically examining the mediating role of technology conflict and the moderating role of mindfulness.","Maslach Burnout Inventory-Student Survey (MBI-SS) (Chinese translated version).","None used.","Mobile Phone Addiction Index (MPAI), Technology Conflict Scale, Mindfulness Scale, and Academic Burnout (MBI-SS). Control variables included gender, age, grade, and years of using mobile phones.","None. The study utilized traditional statistical modeling, specifically moderated mediation analysis using the SPSS macro PROCESS (Model 8) and simple slope analyses.","The moderated mediation model confirmed that mobile phone addiction positively predicts academic burnout (R² = 0.091), that technology conflict mediates this relationship, and that mindfulness acts as a significant buffer (moderator) for both the direct and indirect effects.","None / Not Applicable. (Interpretability relies on standard white-box regression and path coefficients).","No algorithmic personalized recommendations were provided.","Not an actionable technological system. The study recommends non-technical, educational interventions, specifically the implementation of mindfulness training programs (e.g., yoga, mindful listening) to enhance self-control, improve emotional adjustment, and mitigate the negative impacts of mobile phone addiction.","Provides a nuanced psychological mechanism (technology conflict) linking device addiction to burnout; successfully identifies an actionable protective trait (mindfulness) that buffers against the negative impacts of technology overuse.","Cross-sectional design prevents the establishment of strict causal relationships; sample drawn exclusively from a single university in China limits generalizability; complete reliance on self-report questionnaires introduces potential social desirability bias.","Complete absence of objective behavioral data, such as passive digital logging (e.g., actual screen time or app usage logs) to corroborate self-reported mobile phone addiction; absence of predictive Machine Learning (ML) models or Explainable AI (XAI) frameworks; lack of cross-cultural validation in diverse settings, including other LMICs like Bangladesh."
"P018","Nils Olson, Renate Oberhoffer-Fritz, Barbara Reiner, Thorsten Schulz (2023)","Frontiers in Public Health","University students (all academic subjects) | Bavaria, Germany","3,451","To identify socio-demographic and study-related factors contributing to both student burnout and study engagement across a diverse range of academic subjects at a German technical university.","Maslach Burnout Inventory Short Form for Students (MBI-SS). Study engagement was evaluated using the Utrecht Work Engagement Scale-Student Survey (UWES-S 9).","None used.","Sociodemographic data (age, gender), study satisfaction (1-10 scale), academic workload (self-reported weekly hours for classes and preparation), number of semesters studied, and occupational liabilities (hours per week spent on side-jobs).","None. The study relied exclusively on traditional inferential statistics, specifically Binary Logistic Regression.","The binary logistic regression models successfully identified significant predictors. For example, higher study satisfaction was protective against exhaustion (OR = 0.702), while increased academic workload slightly elevated the risk for cynicism (OR = 1.013) but also increased study engagement (OR = 1.014).","None / Not Applicable (Interpretability relies on standard white-box Odds Ratios [OR] from logistic regression).","No algorithmic personalized recommendations were provided.","Not an actionable technological system. The study provides structural recommendations for university administrators, advising the systematic integration of health promotion (nutrition, physical activity, stress management) into the curriculum and fostering a supportive environment to boost study satisfaction, rather than solely focusing on reducing academic workload.","Exceptionally large sample size (N=3,451); expands research beyond the typical focus on medical/nursing students to include all academic disciplines at a technical university; explores the duality of both negative (burnout) and positive (engagement) academic experiences.","Cross-sectional design prevents drawing definitive causal conclusions; relies entirely on subjective self-assessments (e.g., self-reported workload hours); data is restricted to a single technical university in Germany, limiting generalizability.","Complete absence of objective behavioral data, such as passive digital logging, to verify self-reported study or work hours; absence of predictive Machine Learning (ML) models or Explainable AI (XAI) frameworks; lacks cross-cultural validation, particularly in lower-middle-income countries (LMICs) such as Bangladesh."
"P019","Seung-Yi Choi, Jung-Hee Kim (2024)","Frontiers in Public Health","Generation Z university students | Republic of Korea","330","To culturally adapt, investigate the factor structure, and verify the validity and reliability of the Korean version of the Digital Burnout Scale (DBS) among Generation Z university students.","Digital Burnout Scale (DBS) (Assessing three dimensions: digital aging, digital deprivation, and emotional exhaustion). The Maslach Burnout Inventory-Student Survey (MBI-SS) and the Digital Addiction Scale (K-DAS) were used to test concurrent validity.","None used.","Self-reported daily digital device use time, primary purpose of digital device use, digital burnout (DBS), digital addiction (K-DAS), academic burnout (MBI-SS), and demographic factors (age, gender, academic grade, major, residence).","None. The study utilized traditional psychometric validation methods, primarily Confirmatory Factor Analysis (CFA) using AMOS 18 and Pearson correlation analysis using SPSS 22.","The 3-factor Confirmatory Factor Analysis model for the 24-item Korean DBS demonstrated an adequate fit to the data (CFI = 0.91, TLI = 0.90, RMSEA = 0.08, SRMR = 0.07).","None / Not Applicable. (Interpretability relies on standard white-box psychometric factor loadings and construct validity metrics).","No algorithmic personalized recommendations were provided.","Not an actionable technological system. The study recommends educational interventions: developing healthy digital usage education programs, encouraging regular breaks and limiting screen time before sleeping, enhancing digital control through time management education, and promoting offline leisure activities (e.g., meditation and yoga) to alleviate digital-induced emotional exhaustion.","Validates a highly relevant, contemporary tool (DBS) that captures unique modern stressors (""digital aging"" and ""digital deprivation"") overlooked by traditional academic burnout scales; specifically targets the highly digitized Generation Z demographic.","Cross-sectional design prevents establishing causal relationships between digital usage and burnout; online data collection may exclude individuals with low internet accessibility; focused solely on university students, limiting generalizability to other populations like working professionals or older adults.","Complete reliance on self-report methods for tracking digital behavior (e.g., self-reported screen time) which is prone to estimation errors; the authors explicitly note the need for future research to incorporate objective data collection (such as passive digital logging or physiological sensors); absence of predictive Machine Learning models or Explainable AI; lack of cross-cultural validation in LMICs (e.g., Bangladesh)."
"P020","Yunfei Tao, Zhaozhi Liu, Li Huang, Haowei Liu, Haodong Tian, Jinlong Wu, Lan Li, Li Peng (2024)","Frontiers in Public Health","College/University students | Chongqing, China","23,652","To explore the relationship between smartphone dependence and sleep quality among college students, and to examine the chain-mediating roles of negative emotions and health-promoting behaviors in this relationship.","Depression Anxiety Stress Scales (DASS-21) to assess negative emotions.","None used.","Smartphone dependence (Mobile Phone Involvement Questionnaire - MPIQ), sleep quality (Pittsburgh Sleep Quality Index - PSQI), negative emotions (DASS-21), and health-promoting behaviors (Health-Promoting Lifestyle Profile II - HPLP-II). Demographic factors included gender, place of residence, parents' education, only child status, smoking, and alcohol consumption.","None. The study relied on traditional statistical modeling, utilizing hierarchical linear regression and chain mediation analysis via the SPSS PROCESS macro.","The chain mediation model demonstrated that smartphone dependence significantly and positively predicts poor sleep quality (total effect = 0.304). The indirect effects through negative emotions and health-promoting behaviors accounted for 56.06% of this total effect.","None / Not Applicable. (Interpretability relies on standard white-box regression coefficients and mediation effect sizes).","No algorithmic personalized recommendations were provided.","Not an actionable technological system. The study recommends public health and educational interventions focused on increasing health-promoting behaviors (e.g., outdoor activities, physical exercise, proper nutrition) and providing psychological support to alleviate negative emotions, which in turn can break the cycle of smartphone dependence and poor sleep.","Exceptionally large sample size (N=23,652) ensuring high statistical power; successfully integrates behavioral (lifestyle) and affective (emotions) dimensions into a complex chain-mediation model to explain the impacts of smartphone dependence.","Cross-sectional design prevents the establishment of definitive causal relationships; the study assumes smartphone use is purely detrimental, ignoring the potential benefits of digital tools (e.g., mHealth apps); demographic factors were used as covariates rather than examined as moderators of the mediation effects.","Complete absence of objective behavioral data, such as passive digital logging (e.g., actual screen time records) and objective physiological sleep tracking (e.g., actigraphy), relying entirely on subjective self-reports; absence of predictive Machine Learning (ML) models and Explainable AI (XAI); lacks cross-cultural validation in LMIC contexts outside of China (e.g., Bangladesh)."
"P021","Eldar Yeskuatov, Lee Kien Foo, Sook-Ling Chua (2025)","Healthcare (MDPI)","Undergraduate computing students (IT and Computer Science) | Malaysia","688","To investigate the feasibility of automatically detecting academic burnout symptoms using machine learning models trained exclusively on passive university administrative records, eliminating the reliance on psychological surveys.","Maslach Burnout Inventory-General Survey for Students (MBI-GS(S)). (Note: Used strictly to establish the ground-truth target labels for training the ML models, not as input features).","The study relies entirely on passively collected institutional administrative records as predictive features. These 18 features include cumulative GPA, total credit hours, academic level, program type, campus location, financial assistance, and admission term.","None used for prediction.","Logistic Regression (LR), Support Vector Machine (SVM), Naive Bayes (NB), Decision Tree (DT), and Extreme Gradient Boosting (XGBoost).","Logistic Regression (LR) achieved the highest performance for detecting the Exhaustion dimension, with an F1-score of 68.4% and Recall of 81.2%. Naive Bayes (NB) performed best for Cynicism but with lower metrics (Accuracy = 53.3%, F1-score = 51.3%).","Feature Importance using the Boruta algorithm to identify and validate statistical associations between administrative features and burnout dimensions. No localized XAI tools (like SHAP/LIME) were used.","No algorithmic personalized recommendations were provided.","The study's primary goal is the creation of an actionable early warning system: an automated, unobtrusive burnout detection pipeline that continuously scans university administrative records to flag at-risk students for proactive outreach, bypassing the administrative burden and response biases of traditional surveys.","Highly innovative methodology that completely removes self-report bias from the predictor variables by relying solely on objective administrative data; shifts focus away from medical students to underrepresented computing students; effectively addresses an LMIC/Southeast Asian context (Malaysia).","The overall predictive performance was modest (average F1 scores ranged from 39.2% for professional efficacy to 64.1% for exhaustion), demonstrating that basic administrative records lack the psychological depth necessary to accurately capture burnout; cross-sectional design.","Although the study utilized passive administrative data, the authors explicitly note the critical missing gap of continuous passive digital/behavioral logging—such as LMS (Learning Management System) interaction logs, attendance tracking, and extracurricular engagement metrics—which are needed to significantly improve model accuracy; lack of advanced Explainable AI (XAI) frameworks to interpret the predictions transparently."
"P022","Muhammad Bimo Wijoyo, Eka Firmansyah, Kenneth Sulthon Alafi Al Hallaj, Irfan Zakariah, Mahbub Junaidi (2026)","H-Luminia: Education, Psychology and Social Behavior Journal","Final year undergraduate students writing their theses | Surabaya, Indonesia","215","To examine the simultaneous and partial impact of academic stress and grit (perseverance) on burnout behavior among final-year students writing their undergraduate theses at an Islamic state university.","Maslach Burnout Inventory Student Survey (MBI-SS) (15 items assessing emotional exhaustion, cynicism, and academic efficacy).","None used.","Academic Stress (assessed via the Academic Stress Scale measuring workload, fear of failure, interpersonal relationships, time management), Grit (assessed via the Short Grit Scale measuring consistency of interest and perseverance of effort), and Burnout.","None. The study utilized traditional statistical analysis, specifically multiple linear regression via IBM SPSS Statistics.","The multiple linear regression model accounted for 37.7% of the variance in burnout (R² = 0.377). Academic stress was a strong positive predictor (β = 0.512), while grit acted as a significant negative/protective predictor (β = -0.298).","None / Not Applicable. (Interpretability relies on standard white-box regression coefficients).","No algorithmic personalized recommendations were generated.","Not an actionable technological system. The study provides structural recommendations for university counseling centers to implement ""dual-track interventions"": (1) stress reduction programs focusing on cognitive reframing and time management, and (2) grit enhancement programs incorporating goal visualization and peer mentoring, explicitly rooted in Islamic frameworks of istiqamah (consistency) and mujahadah (striving).","Focuses on a highly specific, high-stress academic milestone (thesis writing); effectively targets a unique socio-cultural and religious context (Islamic higher education in Indonesia); successfully integrates the positive psychological construct of 'grit' as a protective buffer against burnout.","The cross-sectional design restricts the ability to establish true causality between stress, grit, and burnout; relies entirely on a single university population (UINSA), limiting generalizability; 62.3% of the variance in burnout remains unexplained, suggesting missing predictors (e.g., perfectionism, social support).","Complete absence of objective behavioral data, such as passive digital logging (e.g., tracking typing dynamics or document editing patterns during thesis writing) to complement self-reported stress; absence of predictive Machine Learning (ML) algorithms or Explainable AI (XAI) frameworks to automatically identify at-risk students in real-time."
"P023","Santiago Cotobal Rodeles, Francisco Javier Martín Sánchez, Manuel Martínez-Sellés (2025)","Journal of Clinical Medicine","Physicians and Medical Students | Global (Narrative Literature Review)","Not applicable (Literature Review)","To comprehensively review the literature on physician and medical student burnout across specialties, assess its consequences on mental health and patient safety, and propose evidence-based strategies for prevention and treatment.","Discusses various tools utilized across the literature, predominantly highlighting the Maslach Burnout Inventory (MBI-HSS, MBI-SS, and abbreviated versions), the Stanford Physician Wellness survey, and the Mini-Z Work-Life instrument.","The review explicitly notes a growing trend/opportunity in using passive data: ""wearables and biosensors can also be used to detect burnout-related symptoms, detecting, for instance, low step count, time in bed, heart rate, and heart rate variability."" It also highlights Electronic Health Record (EHR) workload (""technostress"") as a major systemic indicator/cause of burnout.","Synthesizes indicators across studies including: academic pressure, workload/time constraints, emotional strain, lack of support systems, financial pressures, sleep disruption, demographic factors (age, sex, ethnicity), and clinical specialty.","None directly evaluated (Narrative Review). However, the paper identifies integrating Artificial Intelligence (AI) as a crucial future direction to reduce administrative burdens (e.g., via digital scribes).","None / Not Applicable.","None / Not Applicable.","No algorithmic recommendations provided.","Not an actionable technological system. The review outlines a comprehensive, multi-level plan including: Institutional/Systemic changes (workload management, AI-assisted documentation tools to reduce EHR burden, fair shift scheduling) and Individual-level support (confidential counseling, resilience training, sleep hygiene promotion, peer mentorship).","Provides a holistic, highly structured overview of the entire burnout ecosystem for medical professionals (from etiology to financial costs to interventions); clearly maps out the dual burden of clinical and academic pressures on medical students.","As a narrative review rather than a systematic review or meta-analysis, the selected literature may be subject to author selection bias.","The review explicitly identifies several gaps: lack of longitudinal studies to track burnout progression; scarce data on how burnout affects specific minority ethnicities and sexual/gender minorities; the need for clinical trials assessing the efficacy of organizational-level wellness interventions. It also notes that while most studies are Western-centric, burnout in low- and middle-income countries (LMICs) appears to be just as high or higher, representing a clear geographical gap."
"P024","Caterina Fiorilli, Daniela Barni, Claudia Russo, Vanessa Marchetti, Giacomo Angelini, Luciano Romano (2022)","International Journal of Environmental Research and Public Health (MDPI)","University students (both working and non-working) | Rome/Bergamo, Italy","494","To investigate differences in the academic burnout experience among university students based on their gender and worker status (employed vs. non-employed students).","Burnout Assessment Tool–Core Symptoms short version (BAT-C-Short version) (12 items measuring exhaustion, mental distance, cognitive impairment, and emotional impairment).","None used.","Burnout symptoms (BAT-C), sociodemographic information (age, gender, employment status), and academic factors (academic curricula/degree type, year of enrollment).","None. The study utilized traditional psychometric and inferential statistics: Measurement Invariance testing (using Mplus), Multivariate Analysis of Variance (MANOVA), and Multivariate Analysis of Covariance (MANCOVA) (using SPSS/Jamovi).","The MANOVA demonstrated significant gender differences (Wilks' Lambda = 0.847, p < 0.01). Female students showed significantly higher levels of exhaustion, cognitive impairment, and emotional impairment than male students. Interestingly, no significant differences were found based on worker status or the interaction between gender and worker status.","None / Not Applicable. (Interpretability relies on standard white-box MANOVA/MANCOVA test statistics).","No algorithmic personalized recommendations were provided.","Not an actionable technological system. The study recommends that academic staff and policymakers consider gender as a fundamental factor when designing institutional prevention programs to reduce burnout and subsequent academic dropout.","Validates the newer, highly comprehensive Burnout Assessment Tool (BAT-C) for the university student population; rigorously tests for measurement invariance across gender and worker status before running mean comparisons.","Cross-sectional design fails to capture the developmental trajectory of burnout throughout a student's academic career; the study lacked detailed variables regarding the working students' employment (e.g., number of hours worked per week, type of work), limiting the depth of the worker-status findings.","Total reliance on a single self-report instrument (BAT-C) without any objective behavioral or physiological data (such as passive digital logging); complete absence of predictive Machine Learning (ML) algorithms or Explainable AI (XAI); geographically limited to Italy (a high-income European country), leaving gaps regarding LMICs (e.g., Bangladesh)."
"P025","Ariel Pizarro-Monjes, David Vicente Rodríguez-Pavez, Alejandro Hugo Pérez-Zúñiga, Marcos Ignacio Rivas-Ojeda, Rocío Glaría-López, Cristhian Pérez-Villalobos, Berta Schulz, Paulina Ortega-Bastidas, Juan Francisco Hernández-Quidel (2026)","BMC Medical Education","Undergraduate health sciences students (Medicine, Physical Therapy, Pharmaceutical Chemistry, Speech Therapy) | Chile","879","To examine the association of academic burnout levels with specific sociodemographic and academic characteristics among health sciences students at a Chilean university.","Maslach Burnout Inventory–Student Survey (MBI-SS), measuring Emotional Exhaustion (EE), Depersonalization (DP), and Lack of Personal Accomplishment (LPA).","None used.","Sociodemographic and academic characteristics including gender, age, paid employment, course failure, graduating institution type (public, subsidized, private), and year of study.","None. The study relied on traditional inferential statistics, specifically multiple linear regression models, Mann-Whitney U tests, Kruskal-Wallis H tests, and Spearman’s Rho.","The multiple linear regression models accounted for modest variances in the burnout subscales: 10.5% for Emotional Exhaustion (EE), 5.8% for Lack of Personal Accomplishment (LPA), and 10.2% for Depersonalization (DP). Notably, being female was a strong predictor of EE, while male gender and paid employment predicted higher DP.","None / Not Applicable. (Interpretability relies on standard white-box regression coefficients).","No algorithmic personalized recommendations were provided.","Not an actionable technological system. The study recommends institutional and curricular strategies, such as: (1) strengthening professional exposure and coping tools during pre-clinical years (years 1-3) to prepare students for the clinical transition in year 4; (2) providing targeted support to compensate for educational disadvantages based on high school background; and (3) employing gender-specific psychological interventions, given that men tend to evade (DP) while women experience emotional depletion (EE).","Large sample size covering a diverse range of health science programs, not just medical students (e.g., Speech Therapy, Pharmaceutical Chemistry); effectively highlights the highly gendered and program-specific manifestations of burnout (EE vs. DP).","Cross-sectional design prevents the establishment of causality; non-probabilistic quota sampling method and restriction to a single university in Chile limit broad generalizability.","Complete reliance on a self-administered questionnaire without any objective behavioral indicators or passive digital logging; absence of predictive Machine Learning (ML) models and Explainable AI (XAI) to track burnout trajectories; while it provides data from a Latin American context, it lacks cross-regional applicability to other LMICs like Bangladesh."
"P026","Nils Olson, Renate Oberhoffer-Fritz, Barbara Reiner, Thorsten Schulz (2025)","BMC Psychology","University students across five academic disciplines (Informatics, Mechanical Engineering, Sports/Health Sciences, Medicine, Economic Sciences) | Bavaria, Germany (Technical University of Munich)","947","To investigate and compare the prevalence of stress, burnout, and study engagement across different academic majors, specifically challenging the prevalent assumption that medical students are the most vulnerable group.","Maslach Burnout Inventory Short Form for Students (MBI-SS). The study also utilized the Utrecht Work Engagement Scale for Students (UWES-S 9) and the Perceived Stress Scale (PSS-10).","None used.","Sociodemographic factors (age, gender), academic faculty affiliation, number of semesters studied, self-reported academic workload (weekly hours), occupational working hours (side-jobs), and study satisfaction.","None. The study employed traditional inferential statistics, specifically Analysis of Variance (ANOVA/Welch-ANOVA), pairwise comparisons (Tukey's test), and binary logistic regression using SPSS.","The binary logistic regression identified significant predictors for burnout dimensions. For example, higher study satisfaction significantly reduced the odds of emotional exhaustion (OR = 0.702), while increased academic workload slightly increased the odds of cynicism (OR = 1.013) but also increased study engagement (OR = 1.014).","None / Not Applicable. (Interpretability relies on standard white-box logistic regression Odds Ratios).","No algorithmic personalized recommendations were provided.","Not an actionable technological system. The study recommends institutional interventions: moving away from a ""one-size-fits-all"" approach to mental health, implementing tailored stress management courses specific to different faculties (especially for Informatics and Engineering students who showed the highest burnout), and focusing on fostering overall study satisfaction rather than merely attempting to eliminate academic stressors.","Successfully broadens the scope of student burnout research beyond the medical/nursing fields, providing a direct, empirical comparison across multiple disciplines; highlights the often-overlooked high burnout rates among Informatics and Engineering students; examines both negative (burnout) and positive (engagement) academic paradigms.","Cross-sectional design prevents the establishment of temporal or causal relationships; the very low response rate (~10%) raises concerns about self-selection bias; relies entirely on subclinical self-assessments rather than clinical diagnoses.","Complete absence of objective behavioral data, such as passive digital logging, to verify self-reported metrics like weekly study hours or sleep; lack of predictive Machine Learning (ML) models or Explainable AI (XAI) frameworks; geographically restricted to a single high-income European country (Germany), leaving gaps regarding LMICs such as Bangladesh."
"P027","Yuhei Hara, Shota Furuta, Ayako Sukegawa, Koichiro Fujimaki, Shinya Hisano (2026)","BMC Psychology","Students (Elementary school through University) | Global (Systematic Review)","44 studies included (evaluating 33 distinct self-report measures)","To systematically identify and evaluate the methodological quality and psychometric properties of existing self-report instruments used to measure student burnout, utilizing the rigorous COSMIN guidelines.","The study evaluated 33 tools, prominently including various adaptations of the Maslach Burnout Inventory (MBI-SS), the Burnout Assessment Tool (BAT-C, S-BAT), the Oldenburg Burnout Inventory (OLBI-S), and the School Burnout Inventory (SBI).","None used.","The study evaluated the structural validity, internal consistency, content validity, cross-cultural validity, and measurement invariance of the self-reported survey instruments themselves.","None. This was a systematic review of psychometric tools evaluating measurement properties using the COSMIN risk-of-bias checklist.","None / Not Applicable. Strikingly, the review found that exactly ZERO (0) instruments currently meet the COSMIN criteria to be recommended for use, primarily due to inadequate content validity.","None / Not Applicable.","No algorithmic personalized recommendations were provided.","Not an actionable technological system. The study makes a strong methodological recommendation: researchers must stop relying on occupational burnout adaptations (like the MBI-SS) and urgently prioritize the de novo development of student-specific burnout measures. This must begin with rigorous content validity studies involving in-depth qualitative interviews with students to accurately capture their lived experiences.","Highly rigorous methodology adhering strictly to PRISMA and COSMIN guidelines; exposes a massive foundational flaw in current student burnout research (the lack of valid measurement tools); highlights that newer tools (like BAT-C) have superior structural validity compared to older tools (MBI).","The review excluded non-English publications, which likely excluded valid instruments from other linguistic and cultural contexts; potential publication bias where studies showing poor psychometric properties are not published; the reviewers lacked specialized formal training in COSMIN application.","The review identifies a complete absence of data on ""responsiveness"" and ""measurement error"" in existing tools, severely limiting their use in longitudinal tracking or intervention testing. Furthermore, as a review of psychological surveys, it highlights the field's total reliance on subjective self-reporting, emphasizing the unaddressed gap of using objective, passive digital logging to measure burnout. It also lacks any integration of predictive Machine Learning (ML) or Explainable AI (XAI), and by excluding non-English studies, it likely underrepresents LMIC contexts (e.g., Bangladesh)."
"P028","Hao Zhang, Yanchao Yang, Ying Zhang, Baishuang Qiu, Jiongzhao Yang (2026)","BMC Psychology","University students with programming learning experiences | China (Multiple universities)","1,295","To develop and validate a domain-specific instrument—the Scale of Generative AI Dependency on Programming among University Students—to systematically measure students' cognitive, affective, and behavioral reliance on GenAI tools.","The newly developed ""Scale of Generative AI Dependency on Programming"" (based on the ABC model: Affect, Behavior, Cognition). A previously established ""Generative Artificial Intelligence Dependency Scale"" was used to test criterion-related validity.","None used.","Self-reported GenAI dependency across three dimensions: Affect (e.g., anxiety/uneasiness when AI is unavailable), Cognition (e.g., belief that AI-generated code is superior to own code), and Behavior (e.g., unconsciously turning to AI even for simple tasks). Demographic variables included gender and birthplace (urban/rural).","None. The study relied on traditional psychometric scale development techniques, including Exploratory Factor Analysis (EFA) using SPSS and Confirmatory Factor Analysis (CFA) using the CB-SEM module in SmartPLS.","The proposed 3-factor CFA model demonstrated a good fit to the data (RMSEA = 0.070, CFI = 0.981, TLI = 0.976), significantly outperforming a unidimensional 1-factor model. The scale also exhibited strong internal consistency (Cronbach’s α = 0.963).","None / Not Applicable. (Interpretability relies on standard white-box psychometric factor loadings and goodness-of-fit indices).","No algorithmic personalized recommendations were provided.","Not an actionable technological system. The study provides researchers and educators with a validated diagnostic tool to monitor GenAI dependency, aiming to inform future instructional designs and intervention strategies that balance the use of AI with the development of independent computational thinking and coding confidence.","Addresses a highly contemporary educational challenge (GenAI dependence vs. addiction) with a domain-specific tool tailored specifically for programming students; utilizes a large sample size (N=1,295); strongly grounded in the theoretical ABC (Affect, Behavior, Cognition) framework.","Test-retest reliability was not assessed, leaving the temporal stability of the scale unverified; initial scale items were generated from interviews with instructors rather than the students themselves; convenience sampling via WeChat/QQ groups may limit representativeness.","Complete reliance on self-report questionnaires which are susceptible to social desirability bias (students underreporting their reliance on AI). The authors explicitly call for future studies to integrate objective behavioral data (e.g., IDE behavioral logs, system usage records, learning analytics); absence of predictive Machine Learning (ML) models or Explainable AI (XAI); lacks cross-cultural validation in contexts like Bangladesh (an LMIC)."
"P029","Rasikh Tariq, M. G. Orozco-del-Castillo, Muhammad Tayyab Zamir, Maria Soledad Ramírez-Montoya, Tabbi Wilberforce (2025)","Scientific Reports (Nature Portfolio)","University students | Mexico","1,100","To develop a cost-effective, survey-based machine learning classification model for student stress detection, utilizing eXplainable Artificial Intelligence (XAI) to ensure transparent and actionable institutional decision-making.","A custom survey predicting discrete stress levels (0 = low, 1 = medium, 2 = high).","None used.","21 features spanning five domains: Psychological (anxiety level, self-esteem, mental health history, depression), Physiological (headache, blood pressure, sleep quality, breathing problems), Social (peer pressure, teacher-student relationship, extracurricular activities, social support, bullying), Environmental (noise level, living conditions, safety, basic needs), and Academic (academic performance, study load, future career concerns).","Logistic Regression, Support Vector Machine (SVM), Decision Tree, Random Forest, Gradient Boosting, and XGBoost.","Random Forest achieved the most balanced high performance with an Accuracy of 0.88, Precision of 0.88, Recall of 0.88, and F1-Score of 0.88. Logistic Regression and SVM also performed comparably well (Accuracy = 0.89).","SHAP (SHapley Additive exPlanations) and traditional Feature Importance plots were heavily utilized to unpack the ""black-box"" models. SHAP analysis revealed that self-reported blood pressure, perceived safety, sleep quality, teacher-student relationships, and extracurricular activities were the top predictors of stress.","No algorithmic personalized recommendations were provided.","Not an actionable technological system. The study recommends using the XAI insights to drive institutional policy changes, specifically: implementing campus health monitoring (focusing on sleep hygiene and blood pressure), improving campus safety protocols, funding extracurricular clubs to build social networks, and training faculty in relational pedagogy to improve teacher-student dynamics.","Superb use of modern Explainable AI (SHAP) to interpret ML models, allowing for targeted policy recommendations; utilizes a highly multidimensional dataset (21 features across 5 life domains).","The article has been formally retracted. Additionally, it relies on self-reported physiological markers (e.g., asking students to self-report their blood pressure), which lacks clinical validity compared to actual sensor data; cross-sectional design prevents causal tracking.","Despite its data-driven approach, it completely lacks objective, passive digital logging (e.g., smartphone usage or wearable sensor data), relying entirely on subjective self-report questionnaires. The study highlights the need for longitudinal tracking to understand the temporal dynamics of stress."
"P030","Chao Jin, Wen Long, Linna Wang, Zhikang Liu, Liangliang Sun (2026)","Scientific Reports (Nature Portfolio)","College students | Shandong Province, China","677","To explore the structural relationship between mobile phone addiction and academic burnout, specifically investigating the mediating role of learning engagement and the moderating role of physical exercise.","Maslach Burnout Inventory-Student Survey (MBISS) (Chinese revised version, assessing emotional exhaustion, cynicism, and inefficacy).","None used.","Mobile phone addiction (Mobile Phone Dependence Index Scale - MPDIS), learning engagement (Utrecht Work Engagement Scale-Student - UWES-S), academic burnout (MBISS), and physical exercise volume (Physical Exercise Rating Scale - PARS-3). Demographic covariates included gender and grade.","None. The study relied on traditional statistical modeling, utilizing the PROCESS macro (Models 4 and 7) in SPSS for mediation and moderated mediation analyses.","The moderated mediation model demonstrated that mobile phone addiction positively predicts academic burnout. Learning engagement acts as a significant mediator, accounting for 20.7% of the total effect. Furthermore, physical exercise acts as a significant moderator; high levels of physical exercise effectively neutralize the negative impact of mobile phone addiction on learning engagement.","None / Not Applicable. (Interpretability relies on standard white-box regression coefficients and mediation/moderation effect sizes).","No algorithmic personalized recommendations were provided.","Not an actionable technological system. The study provides structural recommendations: universities should implement digital well-being education focusing on cognitive-behavioral self-regulation, enhance campus network management, and strictly enforce physical fitness programs to help students restore cognitive resources depleted by excessive mobile phone use.","Successfully integrates physical activity as a protective moderating variable against the cognitive depletion caused by mobile phone addiction; utilizes a robust moderated mediation statistical framework grounded in Cognitive Load Theory and Conservation of Resources Theory.","The cross-sectional design precludes establishing definitive causality; data collected from a single province limits national and international generalizability; reliance on self-report questionnaires exposes the findings to social desirability bias (e.g., overreporting exercise or underreporting phone addiction).","Complete absence of objective behavioral data—such as passive digital logging of actual smartphone screen time or objective wearable data for physical exercise tracking; absence of predictive Machine Learning (ML) models or Explainable AI (XAI) frameworks; lacks cross-cultural validation in LMICs outside of China, such as Bangladesh."
"P031","Mst. Nilufar Yasmin, Mohammad Mizanur Rahman, Nusrat Y. Ahmed, Amrin Binte Ahmed, Adisha Dulmini, Muhammad Khairul Alam, Atikur Rahman, Rumana Rois (2026)","Scientific Reports (Nature Portfolio)","University students | Bangladesh","424","To apply an exploratory, explainable machine learning framework to analyze and predict complex patterns of depression, anxiety, and stress among university students in Bangladesh during a period of significant social unrest.","Depression, Anxiety, and Stress Scale (DASS-21) and the Internet Addiction Test (IAT).","None used.","Psychological outcomes (DASS-21), Internet Addiction (IAT), demographic data (gender, university type, academic discipline, BMI), and behavioral/psychosocial variables (e.g., waking up from bad dreams, memory loss symptoms, misbehavior, smoking status, religious activity, Google Classroom usage).","Decision Trees (DT), Random Forests (RF), Support Vector Machines (SVM), Logistic Regression (LR), Adaptive Boosting (AdaBoost), Extreme Gradient Boosting (XGBoost), Light Gradient Boosting Machine (LightGBM), and Artificial Neural Networks (ANN).","The overall predictive performance was relatively modest due to the highly skewed, high-symptom sample. Support Vector Machine (SVM) demonstrated the most stable performance for predicting Depression (Accuracy = 0.696, F1 = 0.787) and Stress (Accuracy = 0.660, F1 = 0.688). XGBoost was selected for Anxiety (Accuracy = 0.715, F1 = 0.819) due to a better balance of sensitivity and specificity.","Highly rigorous use of XAI. Utilized the Boruta algorithm for feature selection, followed by SHAP (SHapley Additive exPlanations) for global feature importance and LIME (Local Interpretable Model-agnostic Explanations) for local, individual-level prediction transparency. Sankey diagrams were also used to visualize feature-outcome associations.","No algorithmic personalized recommendations were provided.","Not an actionable technological system. The authors explicitly state that their explainable ML framework is an exploratory, hypothesis-generating tool for pattern recognition. Because the models largely leveraged overlapping symptomatology (e.g., using ""bad dreams"" to predict ""depression"") rather than independent antecedent risk factors, they strongly advise against deploying this specific model as a clinical screening tool.","Addresses a massive geographical gap by conducting an advanced ML/XAI study specifically in Bangladesh (an LMIC); utilizes state-of-the-art explainability techniques (SHAP and LIME) to demystify black-box ML models; demonstrates acute awareness of the tautological risks in using self-reported symptoms to predict other self-reported symptoms.","Non-probability purposive online sampling during a period of extreme national political unrest (July 2024 student protests) resulted in a highly skewed sample with exceptionally high distress prevalence (e.g., 73.4% severe anxiety), limiting generalizability; cross-sectional design prevents causal inference.","Complete absence of objective behavioral data or passive digital logging. Despite assessing variables like Internet Addiction, sleep quality, and BMI, all data was entirely self-reported. The authors explicitly call for future research to utilize longitudinal tracking to establish temporal inference, which passive sensing could facilitate."
"P032","Munassir Alhamami, Abdulaziz Alrabai (2026)","Humanities & Social Sciences Communications","Undergraduate students in English as a Medium of Instruction (EMI) programs | Saudi Arabia","497","To develop and validate a context-specific 17-item burnout scale tailored for students in English as a Medium of Instruction (EMI) programs, addressing the combined academic and language-related stressors they face.","The newly developed EMI Burnout Scale. It adapts items from the Maslach Burnout Inventory–General Survey for Students (MBI-GS[S]) and the Oldenburg Burnout Inventory (OLBI) to measure Exhaustion, Cynicism, Disengagement, and Academic Efficacy.","None used.","Self-reported EMI Burnout Scale dimensions (Exhaustion, Cynicism, Disengagement, Academic Efficacy). Demographic factors included gender, academic college/discipline, and year of study.","None. The study utilized advanced traditional statistical modeling, specifically Partial Least Squares Structural Equation Modeling (PLS-SEM) using a Reflective–Reflective Higher-Order Construct (R-R HOC) approach via SmartPLS.","The PLS-SEM measurement model demonstrated excellent convergent and discriminant validity (all AVEs > 0.81). The structural model revealed that Exhaustion had the strongest path coefficient (0.955) to overall burnout and the highest predictive relevance (Q²predict = 0.912) and lowest error (RMSE = 0.299).","None / Not Applicable. (Interpretability relies on standard white-box PLS-SEM path coefficients, R² values, and Q²predict metrics).","No algorithmic personalized recommendations were provided.","Not an actionable technological system. The study recommends structural educational interventions tailored to EMI students: implementing targeted language support (e.g., continuous proficiency workshops), adopting inclusive teaching strategies (e.g., visual aids, glossaries to lower cognitive load), and embedding mental health resources directly into EMI program structures.","Successfully addresses a unique, high-stress subpopulation (students learning complex material in a second language); develops a highly contextualized psychometric tool; utilizes robust structural equation modeling (PLS-SEM) to validate the scale.","The scale was validated exclusively in Saudi Arabia, meaning its stability in other cultural or linguistic settings is untested; the cross-sectional design prevents assessing the temporal development of burnout; the study did not test for measurement invariance across gender or disciplines.","Relies entirely on self-report questionnaires, missing the opportunity to integrate objective behavioral data via passive digital logging (e.g., tracking late-night LMS activity or assignment writing dynamics to corroborate exhaustion); complete absence of predictive Machine Learning (ML) models or Explainable AI (XAI) frameworks; lacks cross-cultural validation in LMICs outside the Middle East, such as Bangladesh."
"P033","Balázs Jagodics, Éva Szabó (2022)","Trends in Psychology","Undergraduate university students | Hungary","743","To analyze the structure and reliability of the newly developed University Demand-Resource Questionnaire (UDRQ) and to apply the Job Demand-Resource (JD-R) model to predict student burnout.","Maslach Burnout Inventory-Student Survey (MBI-SS) (measuring emotional exhaustion, cynicism, and reduced accomplishment).","None used.","Burnout (MBI-SS), University Demands (work style, mental demands, emotional demands, career choice anxiety, conflict with lecturers), University Resources (possibility of personal development, information, feedback, perceived control, support of lecturers), and demographic factors (age, gender, academic year).","None. The study relied on traditional psychometric and inferential statistics, including Confirmatory Factor Analysis (CFA), Pearson’s correlation, and Structural Equation Modeling (SEM) via JASP.","The Structural Equation Model (SEM) demonstrated a good fit to the data (CFI = 0.984, TLI = 0.983, RMSEA = 0.067). The variables included in the model explained a highly significant proportion of the variance in the burnout symptoms: emotional exhaustion (R^2 = 0.664), cynicism (R^2 = 0.721), and reduced personal accomplishment (R^2 = 0.636).","None / Not Applicable. (Interpretability relies on standard white-box SEM standardized path coefficients).","No algorithmic personalized recommendations were provided.","Not an actionable technological system. The study provides structural recommendations for university administration to balance demands and resources: redesigning training programs to lower mental demands, while simultaneously increasing resources through improved lecturer feedback, better support systems, and ensuring students perceive a clear possibility for personal/career development.","Successfully adapts the prominent occupational Job Demand-Resource (JD-R) theoretical framework into the educational context; validates a novel instrument (UDRQ); utilizes rigorous Structural Equation Modeling to demonstrate that resources can counterbalance demands to mitigate burnout.","Cross-sectional data collection prevents the analysis of causal links or developmental trajectories over a student's academic career; convenience sampling limits the generalizability of the findings to the broader student population; lacks objective indicators of academic success (e.g., actual GPA or dropout records).","Complete reliance on subjective self-report questionnaires to measure ""work style"" and ""mental demands,"" neglecting the potential of objective, passive digital logging (e.g., tracking actual study hours or learning management system engagement); total absence of predictive Machine Learning (ML) models or Explainable AI (XAI) frameworks; geographically limited to Hungary (a European country), leaving gaps regarding LMICs such as Bangladesh."
"P034","Nils Olson, Renate Oberhoffer, Barbara Reiner, Thorsten Schulz (2025)","Societies (MDPI)","University students | Germany (Technical University of Munich)","1,955","To examine the associations between university students' health behaviors (e.g., diet, physical activity, substance use) and their levels of perceived stress, burnout, and study engagement, positioning healthy lifestyle habits as potential protective resources.","Maslach Burnout Inventory Short Form for Students (MBI-SS).","None used.","Psychological metrics: Perceived Stress Scale (PSS-10), Utrecht Work Engagement Scale for Students (UWES-S 9), and MBI-SS. Behavioral metrics: Physical activity/sedentary behavior (IPAQ), alcohol consumption (AUDIT-C), BMI, smoking status, perceived subjective fitness, and perceived healthiness of diet.","None. The study relied on traditional inferential statistics, specifically Pearson's correlations, Student's t-tests, ANOVA (with Welch-ANOVA and GT2 Hochberg's post hoc), and Chi-square tests.","The correlational analysis revealed that self-perceived subjective fitness and perceived healthiness of diet had the strongest negative associations with stress and burnout, and positive associations with study engagement. Interestingly, objective volume of physical activity (measured by IPAQ METs) and daily sitting hours played a comparatively minor role with very small effect sizes.","None / Not Applicable. (Interpretability relies on standard white-box statistical test effect sizes like Cohen's d).","No algorithmic personalized recommendations were provided.","Not an actionable technological system. The authors recommend that universities implement holistic behavioral prevention programs. Interventions should focus heavily on improving students' health literacy (specifically regarding diet and fitness) to bolster their psychological resilience against academic stress, moving beyond purely structural or academic interventions.","Utilizes a very large sample size; incorporates positive psychological frameworks (study engagement) alongside negative ones (burnout); systematically assesses a broad range of lifestyle factors using established tools (IPAQ, AUDIT-C).","Cross-sectional design prevents the establishment of causal relationships; relies entirely on students' subjective self-assessments of their fitness and dietary health, which the authors acknowledge may be heavily biased by underlying traits like self-esteem or depression.","Complete reliance on self-report questionnaires for behavioral tracking. The authors explicitly identify the need for ""more objective data on the physical fitness of students"" (e.g., utilizing passive digital logging or wearable physiological sensors rather than the IPAQ). Furthermore, there is an absence of predictive Machine Learning (ML) models or Explainable AI (XAI) frameworks; geographically, the study focuses on a high-income European nation, leaving gaps regarding LMICs such as Bangladesh."
"P035","Aguswan Khotibul Umam, Mochammad Irfan Achfandhy, Alfiyana Yuliasari, Ririn Jamiah (2026)","Islamic Guidance and Counseling Journal","University students at Islamic Higher Education Institutions (PTKIs) | Lampung, Indonesia","1,098","To investigate the associations between exposure to distinct categories of religious content on social media and levels of anxiety and academic burnout among university students.","Maslach Burnout Inventory–Student Survey (MBI-SS) for burnout, and the Social Anxiety Scale for Adolescents (SAS-A) for anxiety.","None used.","A custom ""Religious Content Exposure Questionnaire"" assessing exposure to five types of content: compassion–tranquility, educational, inspirational–motivational, fear–punishment, and ritual–worship. Demographic/usage variables included age, institution type, primary social media platform (TikTok, Instagram, YouTube, Facebook), frequency of use, and daily duration.","None. The study relied on traditional inferential statistics, specifically hierarchical multiple regression testing for linear, quadratic, and interaction effects via SPSS.","The hierarchical regression models explained a modest amount of variance for both Anxiety (R² = 0.037) and Burnout (R² = 0.079). Notably, motivational content predicted lower anxiety, while fear/punishment content predicted higher anxiety. For burnout, longer daily social media duration was a positive predictor, and complex curvilinear patterns emerged regarding compassion and fear content.","None / Not Applicable. (Interpretability relies on standard white-box regression coefficients).","No algorithmic personalized recommendations were generated.","Not an actionable technological system. The study recommends non-technical interventions for universities: strengthening digital literacy education and curating/promoting motivational, skills-oriented religious content while limiting fear-based framing to foster emotional resilience among students.","Highly novel approach that differentiates between specific types of religious content consumed on social media, rather than treating ""religiosity"" as a single, monolithic protective factor; large sample size (N=1,098); captures the nuances of algorithmically curated content in an LMIC context (Indonesia).","The cross-sectional design precludes establishing causal direction (e.g., do anxious students seek out fear-based content, or does the content cause anxiety?); self-report measures for content consumption are highly susceptible to recall bias.","Complete reliance on subjective self-reporting for digital behavior. The study highlights the need to understand algorithmic curation but fails to use objective passive digital logging (e.g., tracking actual screen time, video watch-time, or app usage patterns) to verify content exposure; complete absence of predictive Machine Learning (ML) models or Explainable AI (XAI) frameworks; geographically limited to Indonesia, leaving gaps regarding other LMICs like Bangladesh."
"P036","Neva Vidović, Maja Vidović, Ana Havelka Meštrović (2026)","Sustainability, Organization, Business and Economic Research (SOBER) / CIBES 2025 Conference","Undergraduate students enrolled in an international business program | Croatia","223","To explore the prevalence and profile of burnout and anxiety among university students navigating the specific stressors of an international, cross-cultural academic environment.","Maslach Burnout Inventory (MBI) (utilizing the 22-item occupational version) and the Anxiety Screening Questionnaire (ASQ).","None used.","Self-reported burnout dimensions (emotional exhaustion, depersonalization, reduced personal achievement), anxiety levels, and demographic data limited to gender.","None. The study relied exclusively on traditional inferential and descriptive statistics, specifically independent samples t-tests and Pearson correlations using IBM SPSS.","The statistical analysis revealed a high prevalence of moderate to severe burnout (55.5%) and anxiety (52.6%). Burnout and anxiety were strongly correlated (r = 0.609, p < .001). Female students reported significantly higher emotional exhaustion than male students (p = .001, Cohen's d = 0.55).","None / Not Applicable. (Interpretability relies on standard white-box statistical tests).","No algorithmic personalized recommendations were generated.","Not an actionable technological system. The study provides structural recommendations for academic institutions: rebuilding academic confidence through constructive feedback and mentoring programs; prioritizing accessible mental health services (counseling and therapy); and actively encouraging healthy social connections (e.g., student clubs) to combat the isolation frequently experienced by international students.","Focuses on a unique subpopulation (international students studying abroad) facing distinct cross-cultural adaptation stressors; explicitly differentiates between the constructs of chronic burnout and general anxiety.","Cross-sectional design prevents the establishment of causal relationships; the sample size is relatively small and drawn from a single college in Croatia, limiting broad generalizability; the study utilized the occupational MBI rather than the student-specific MBI-SS, which the authors justify but remains a methodological limitation.","Complete reliance on subjective self-report questionnaires, which the authors acknowledge could lead to inflated perceptions of burnout. There is a total absence of objective behavioral data or passive digital logging to corroborate these high stress levels; lack of predictive Machine Learning (ML) models or Explainable AI (XAI) frameworks; geographically centered in an upper-middle-income EU country (Croatia), leaving gaps regarding LMICs such as Bangladesh."
